chromosome,total_variants,concordance,reclassification_rate,unclassified_stability,other_stability,benign_stability,likely benign_stability,vus_stability,conflicting_stability,likely pathogenic_stability,pathogenic_stability,to_likely_pathogenic,to_pathogenic,vus_to_likely_pathogenic,vus_to_pathogenic,benign_to_pathogenic,benign_to_likely_pathogenic,likely_benign_to_pathogenic,pathogenic_to_vus,pathogenic_to_benign,likely_pathogenic_to_vus,likely_pathogenic_to_benign
Chr1,2269169,0.9950224068811093,0.0049775931188906775,0.99578291537794,0.0,0.934989842162838,0.9440014176856282,0.7874050915587316,0.8894154818325435,0.7283950617283951,0.6483516483516484,57,28,4,2,0,1,0,3,0,3,0
Chr2,2102653,0.9961962339958138,0.003803766004186193,0.9969974846127091,,0.9439677814743478,0.9385948736861516,0.7344935296742525,0.9252437703141928,0.6774193548387096,0.6901408450704225,46,20,1,0,0,0,0,1,0,0,0
Chr3,1705387,0.9962853006385061,0.003714699361493934,0.9968498836584612,,0.9475430759412891,0.9510144927536232,0.7721788502484032,0.8792822185970636,0.6666666666666666,0.5961538461538461,28,21,3,0,0,0,0,3,1,0,0
Chr4,1602356,0.9972378173140052,0.0027621826859948184,0.997695208784199,0.0,0.9414847161572052,0.9408534009294466,0.790356394129979,0.8737060041407867,0.8076923076923077,0.5806451612903226,14,16,0,1,0,0,0,1,1,2,0
Chr5,1505385,0.9966553406603627,0.003344659339637346,0.9972862857954378,1.0,0.9456729456729457,0.9404613466334164,0.7540563620836892,0.8703170028818443,0.7391304347826086,0.5925925925925926,22,14,2,1,0,0,0,1,0,0,0
Chr6,1523834,0.9964162763135617,0.0035837236864383337,0.9970071588654068,,0.9401639344262295,0.9494697442295695,0.8096,0.8966480446927374,0.7894736842105263,0.56,36,16,1,2,0,0,0,2,0,0,0
Chr7,1496449,0.9964288793002635,0.0035711206997365297,0.997097217937024,,0.9352437140047759,0.957405614714424,0.7315555555555555,0.8070469798657718,0.75,0.6153846153846154,27,13,2,1,0,0,0,3,0,0,0
Chr8,1252310,0.9968090967891337,0.003190903210866347,0.9973459851291551,,0.9394567696454489,0.9360576923076923,0.7940267765190525,0.9078947368421053,0.6470588235294118,0.7714285714285715,10,8,0,1,0,0,0,1,0,0,0
Chr9,1157471,0.9957787279335725,0.004221272066427528,0.9965154939191354,,0.941970310391363,0.9523381294964028,0.765296803652968,0.8973214285714286,0.5416666666666666,0.65625,25,10,0,1,0,0,0,1,0,2,0
Chr10,1284229,0.9967809479461996,0.003219052053800353,0.9973768679017377,,0.9504770558836892,0.9500381388253242,0.7647058823529411,0.8933333333333333,0.7727272727272727,0.5365853658536586,26,7,0,0,0,0,0,1,0,1,0
Chr11,1260944,0.9945294953622048,0.005470504637795193,0.9952767986763493,1.0,0.9516044187269858,0.9418638621092609,0.8005677785663591,0.8708644610458911,0.7045454545454546,0.6129032258064516,45,16,4,0,0,0,0,3,1,0,0
Chr12,1267165,0.9957203679078889,0.00427963209211113,0.996349353270766,,0.9486644407345576,0.9407259407259407,0.7797797797797797,0.8767967145790554,0.8387096774193549,0.873015873015873,17,16,1,1,0,0,0,1,0,0,0
Chr13,850486,0.9978576954823477,0.0021423045176522937,0.9982337001499109,,0.9546555901696089,0.9421407907425265,0.7718446601941747,0.8864468864468864,0.72,0.6428571428571429,10,10,1,0,0,0,0,0,0,0,0
Chr14,839470,0.9956281939795347,0.004371806020465274,0.9962334605276761,,0.9437131184748071,0.9584584584584585,0.8059299191374663,0.9051546391752577,0.65,0.5714285714285714,15,12,1,0,0,0,0,2,0,1,1
Chr15,834885,0.9953802020637573,0.0046197979362426755,0.9961907162035107,,0.9492779147587178,0.9500209995800084,0.7658643326039387,0.8586065573770492,0.7692307692307693,0.6304347826086957,30,13,0,1,0,0,0,3,0,1,0
Chr16,957237,0.9936609220078204,0.006339077992179587,0.9948363522494292,0.3333333333333333,0.9171450737005431,0.9439952081461516,0.7365591397849462,0.8861892583120204,0.7560975609756098,0.6507936507936508,34,13,1,0,0,0,0,3,1,1,0
Chr17,974031,0.9931583286363576,0.006841671363642443,0.9942286355432784,,0.9320180949987434,0.9433840181171143,0.7944277108433735,0.8717948717948718,0.7,0.6818181818181818,29,17,2,2,0,0,0,5,0,1,0
Chr18,653131,0.9972118916419523,0.0027881083580476584,0.9977912269572183,,0.9407452657299938,0.9384372533543804,0.8122270742358079,0.9128630705394191,0.42857142857142855,0.5,10,5,0,0,0,0,0,0,0,0,0
Chr19,877231,0.9902910407862924,0.009708959213707624,0.9912957435839342,,0.9289340101522843,0.9551692589204026,0.787962962962963,0.8729903536977492,0.6551724137931034,0.4857142857142857,25,11,0,0,0,0,0,3,0,2,0
Chr20,654127,0.9957194856656276,0.004280514334372376,0.9964048582995951,,0.9351825643928673,0.9406424581005587,0.7729166666666667,0.8876811594202898,0.5333333333333333,0.5,10,11,0,0,0,0,0,4,0,2,0
Chr21,365906,0.9961082901072953,0.003891709892704709,0.9968722134955844,,0.9425562470081379,0.9473140495867769,0.7547683923705722,0.8853211009174312,0.7777777777777778,0.8333333333333334,10,5,0,0,0,0,0,1,0,0,0
Chr22,492060,0.9947099947160916,0.005290005283908439,0.9954509636097664,0.5,0.9449972360420121,0.9594240837696335,0.8271812080536913,0.9317269076305221,0.75,0.6111111111111112,15,4,0,1,0,1,0,0,0,0,0
ChrX,900688,0.9970900023093457,0.0029099976906542535,0.9976901488483743,,0.9427760699929061,0.9229499174463401,0.676829268292683,0.8021201413427562,0.42857142857142855,0.7037037037037037,11,3,0,0,0,0,0,1,0,1,0
ChrY,36497,0.9998082034139792,0.00019179658602075378,0.9998355849066944,,1.0,1.0,,,,0.0,1,0,0,0,0,0,0,1,0,0,0
